<?xml version="1.0" encoding="UTF-8"?>
<?xml-model href="http://www.tei-c.org/release/xml/tei/custom/schema/relaxng/tei_all.rng" type="application/xml"
	schematypens="http://purl.oclc.org/dsdl/schematron"?>
<?xml-model href="MoravianMemoirs.rng" type="application/xml" schematypens="http://relaxng.org/ns/structure/1.0"?>
<TEI xmlns="http://www.tei-c.org/ns/1.0">
   <teiHeader>
      <fileDesc>
         <titleStmt>
            <title>Anna Elisabeth Rauch: Memoir</title>
            <funder>The Moravian Lives Project</funder>
            <principal><persName>Katherine Mary Faull</persName>, Principal Investigator <orgName>Bucknell University</orgName>
               <address>
                  <addrLine>Lewisburg, Pennsylvania</addrLine>
               </address>
               <email>faull@bucknell.edu</email>
            </principal>
            <principal><persName>Christer Ahlberger</persName>, Principal Investigator, 2015-2018 <orgName>University of Gothenburg</orgName>
               <address>
                  <addrLine>Gothenburg, Sweden</addrLine>
               </address>
               <email>christer.ahlberger@history.gu.se</email>
            </principal>
            <respStmt>
               <persName>Diane Jakacki</persName>
               <orgName>Bucknell University</orgName>
               <resp>Project Manager</resp>
            </respStmt>
            <respStmt>
               <persName>Michael McGuire</persName>
               <orgName>Bucknell University</orgName>
               <resp>Developer</resp>
            </respStmt>
            <respStmt>
               <persName>Carly Masonheimer</persName>
               <orgName>Bucknell University</orgName>
               <resp>Research Assistant and encoder</resp>
            </respStmt>
            <respStmt>
               <persName>Marleina Cohen</persName>
               <orgName>Bucknell University</orgName>
               <resp>Research Assistant and encoder</resp>
            </respStmt>
            <respStmt>
               <persName>Carrie Pirmann</persName>
               <orgName>Bucknell University</orgName>
               <resp>Social Sciences Librarian</resp>
            </respStmt>
            <respStmt>
               <persName>Courtney Paddick</persName>
               <orgName>Bucknell University</orgName>
               <resp>Arts &amp; Humanities Librarian</resp>
            </respStmt>
            <respStmt>
               <resp>Transcribers and encoders, HUMN100 Fall 2018</resp>
               <persName>Allison Butler</persName>
               <persName>Bhagawat Acharya</persName>
               <persName>Brendan Matthys</persName>
               <persName>Caleb Broughton</persName>
               <persName>Carly Pavoni</persName>
               <persName>Caroline Walsh</persName>
               <persName>Clayton Wright</persName>
               <persName>Ethan Conklin</persName>
               <persName>George Tyler</persName>
               <persName>Hailey Zimmerman</persName>
               <persName>Jacob Hubbard</persName>
               <persName>Jessica Hom</persName>
               <persName>Julianna Kim</persName>
               <persName>Mauricio Martinez</persName>
               <persName>Mitch Gavars</persName>
               <persName>Meg Koczur</persName>
               <persName>Morgan Graning</persName>
               <persName>Nathan Ware</persName>
               <persName>Olivia Smith</persName>
               <persName>Paige Whitney</persName>
               <persName>Raleigh Singer</persName>
               <persName>Rosemary Rong</persName>
               <persName>Samantha Salazar</persName>
               <persName>Zakee Willis</persName>
               <orgName>Bucknell University</orgName>              
            </respStmt>   
         </titleStmt>
         <editionStmt>
            <edition>
               <orgName>The Moravian Archives</orgName>
               <address>
                  <addrLine>41 West Locust Street</addrLine>
                  <addrLine>Bethlehem, PA 18018-2757</addrLine>
                  <addrLine>info@moravianchurcharchives.org</addrLine>
               </address>
            </edition>
         </editionStmt>
         <publicationStmt>
            <distributor>The Moravian Lives Project</distributor>
            <availability>
               <licence>Creative Commons Attribution-NonCommercial-ShareAlike 4.0 International</licence>
            </availability>
         </publicationStmt>
         <sourceDesc>
            <msDesc>
               <msIdentifier>
                  <repository>Moravian Archives Bethlehem</repository>
                  <msName type="memoir">Anna Elisabeth Rauch</msName>
                  <msName facs="http://moravianlives.bucknell.edu/MAB/MemBeth_0102-01.jpg" />
                  <msName facs="http://moravianlives.bucknell.edu/MAB/MemBeth_0102-02.jpg" />
                  <msName facs="http://moravianlives.bucknell.edu/MAB/MemBeth_0102-03.jpg" />
                  <msName facs="http://moravianlives.bucknell.edu/MAB/MemBeth_0102-04.jpg" />
                  <msName facs="http://moravianlives.bucknell.edu/MAB/MemBeth_0102-05.jpg" />
                  <msName facs="http://moravianlives.bucknell.edu/MAB/MemBeth_0102-06.jpg" />
                  <msName facs="http://moravianlives.bucknell.edu/MAB/MemBeth_0102-07.jpg" />
                  <msName facs="http://moravianlives.bucknell.edu/MAB/MemBeth_0102-08.jpg" />
                  <msName facs="http://moravianlives.bucknell.edu/MAB/MemBeth_0102-09.jpg" />
               </msIdentifier>
            </msDesc>
         </sourceDesc>
      </fileDesc>
   </teiHeader>
   <text type="memoir">
      <body xml:lang="en">
         <div type="memoir">
            <head>Anna Elizabeth Rauch</head>
            <div type="page" n="1">
               <head>Page 1 <seg ana="MemBeth_0102-01" />
               </head>
               <p>
                  A smal account of Sister
                  Anna Henrich's Life and
                  Departure from the year 1756
                  till the year 1762.
                  <lb />
                  in the year 1756 the 18th of Novem. 
                  she took lief of the Congrigation Congregation
                  in Bethlehem with manny a 
                  hundred Sinner Tears and set 
                  besides her Husband, me and
                  my Wife, of for Jamaica.
                  the Danger where we was in
                  on see she behav'd as a real
                  Sister and put all hir trust
                  in our Dear Savior. and spent
                  manny an Hours in praying
                  to him and believed He would
                  bring us safe on land--
                  the 24th Dec. When we came
                  for ancor at Portugal [Port Royal?]
                  near Kingston in Jamaica.
                  She was so rejoiced in his Heart,
                  that she prosterrated  prostrated her
                  self before our Savior under
                  manny a Thousand Tears
                  and Thank'd him Humble for
               </p>
            </div>
            
            <div type="page" n="2">
               <head>Page 2 <seg ana="MemBeth_0102-02" />
               </head>
               <p>
                  Women to be baptised which
                  arose such a joy in her, that
                  she brock out in those words. 
                  Dear Savior it's worth while to
                  Sacrify ones self for such a
                  people etc. on the 29th
                  December. on Evining when my dear
                  wife went home to our Dear
                  Savior, Sister Anna was not to
                  be comforted because she found
                  herself now quit(e) alone without
                  anny  assistents of hir sect
                  She retired for some Days
                  To Carmel (which is our own
                  Place) where she was quit alone
                  to converse with hir only
                  Comforter. from that time
                  she got the rumatik which
                  afterwords turnt out in a 
                  consumption. 
                  on the 28th March in the year
                  1759 when Br and Sister Powell
                  and Geschwister Leverings ariv'd at 
                  Carmel/ where she just hapened
                  to be there/ new Life came  in 
                  her, and all her Sorrow and 
                  grif was gon, for joy over
               </p>
            </div>
            
            <div type="page" n="3">
               <head>Page 3 <seg ana="MemBeth_0102-03" />
               </head>
               <p>
                  Those Sisters. on the 11th
                  April she took leave of
                  the Negroes at the Bogue
                  and removed to Carmel 
                  with her husband and 
                  B. Powell &amp; his Wife came
                  on the place . on Carmel
                  she was a faithful house
                  mother and was much be 
                  loved by the Negroes there
                  hear she Experienced manny 
                  havy circumstances, but 
                  Kept Clost to our Dear Savior
                  She Every now and then visit-
                  let the Negroes at the Boque
                  Mesopotamia see and
                  sweetned hir grif and sorrow
                  again by conversationes
                  with thise poor People
                  in the year 62 she became
                  weeker &amp; weeker &amp; hir con-
                  stitution brock very vast;
                  one perceivd on hir some
                  thing extraordinary especi-
                  ally in conversations whe (page fold)
                  she often times pointed (page fold)
                  up(page fold)
               </p>
            </div>
            
            <div type="page" n="4">
               <head>Page 4 <seg ana="MemBeth_0102-04" />
               </head>
               <p>
                  upon being soon by hir 
                  beloved one and rest of 
                  all his Labor. Hir
                  Hosbend Husband was severel Times
                  obld (obliged?) to live hir at home
                  | when visiting the Negroes |
                  on aet?? of hir Illnes which
                  She took much to Heart.
                  in the beginning of July she,
                  was so ill that she hardly
                  Could stur about, but when
                  hir Husbend Propos'd her
                  to goe to Mesopotamia
                  She maid hirself ready to
                  goe with hum He advised 
                  hir not to goe but she in-
                  sisted upon, told me the
                  evining before that the
                  Fever was very smart upon
                  hir, and if hir Hosbend knew
                  the condition she was in He
                  would bit hir to stay at home 
                  but said she I  know what
                  I have maid out with my
                  Savior concerning this
               </p>
            </div>
            
            <div type="page" n="5">
               <head>Page 5 <seg ana="MemBeth_0102-05" />
               </head>
               <p>
                  Jurney, He will strongthen
                  me and bring me Save
                  there etc. the next morning
                  She got up, she was Exiding
                  Happy &amp; so rejoiced over
                  hir journy as She never
                  was before, when she
                  set of she told hir
                  Hosbend to goe before
                  but she stopt, call'd me 
                  and said: Dear Charles
                  you have bestoed much
                  kindness to me where
                  fore I give you thousand
                  thanks; Pray forgive 
                  me all wherwith I have 
                  grivet you, I think on
                  one hir tears begun
                  to rol Down her Cheeks
                  Farwell said she, and
                  Sead off. . I was so struck
                  by her Talking live in...page folded
                  tha...page folded
               </p>
            </div>
            
            <div type="page" n="6">
               <head>Page 6 <seg ana="MemBeth_0102-06" />
               </head>
               <p>
                  that manner, that it
                  Directly came in my mind
                  this is the last Time I 
                  see her. after two days
                  journey they arrived at 
                  Mesopotamia she felt
                  herself quit Brisk &amp; was 
                  visited by many of the 
                  Negroe Women whom she
                  told with emphasis how 
                  Happy a poor sinner
                  can be in the wounds
                  of our Dear Savior, and 
                  that her being now at 
                  Mesopotamia were a 
                  particular time for her.
                  soon after she began to 
                  be ill again, so that she
                  was forced in the beginning
                  of augustto keep hirself
                  in bed; from that Time 
                  she was from Morning
               </p>
            </div>
            
            <div type="page" n="7">
               <head>Page 7 <seg ana="MemBeth_0102-07" />
               </head>
               <p>
                  till night visitted by 
                  the Negroes Especially
                  of those which are infirm 
                  and can't do no work
                  in the field; she told her 
                  Husband how near her 
                  only friend and Sav. 
                  is to her &amp; o what hap-
                  piness Enjoy I &amp; every
                  Body who came to see
                  her she recommends 
                  the wounds of Christto 
                  be recconciled with him
                  and so fort on the 12th 
                  she called her husband and 
                  told him that our Dear 
                  Savior had opened at
                  great ministry to her
                  and made it clear in her
                  Hear that that happy
                  Hour where she long ago 
                  had long for to Egarte?
               </p>
            </div>
            
            <div type="page" n="8">
               <head>Page 8 <seg ana="MemBeth_0102-08" />
               </head>
               <p>
                  is at hand, and that her
                  soul and body is rejoyced 
                  to see her bloody redeamer
                  she took leave of him 
                  and thank'd him for all 
                  love he had showed to her.
                  She remain'd in that happily 
                  condition, and in the 
                  sweetest conversations
                  with the Negroe womens
                  (who did not leave her
                  bed till the last moment
                  she went home) ill the 
                  14th august at 9 o clock
                  in the morning. and 
                  went home in arms 
                  of her Bright groom 
                  under a happy Liturgy.
                  Many of the Negroes
                  were spectators to their
                  greatest satisfaction 
                  so that 
               </p>
            </div>
            
            <div type="page" n="9">
               <head>Page 9 <seg ana="MemBeth_0102-09" />
               </head>
               <p>
                  so that her End was 
                  accompanied with many
                  tears
                  <lb />
                  In hir memorandum-
                  Book she found a month
                  after her Departure
                  she had wrote Down 
                  in the beginning of 
                  this year I kept
                  a Band with my 
                  intimate friend &amp;
                  Savior, where he 
                  granted me my re-
                  quest with the strongest
                  assurence in my 
                  hearts.
                  <lb/>
                  In the year 1763 the 11th
                  Nov.  between a 11 and
                  12 o clock hir Dear
                  Husband followed hir.                  
               </p>
            </div>
         </div>
      </body>
   </text>
</TEI>
